<?xml version="1.0" encoding="UTF-8"?>
<webservices xmlns="http://java.sun.com/xml/ns/javaee" xmlns:xsi="http://www.w3.org/2001/XMLSchema-instance" version="1.3">
    <webservice-description>
      <webservice-description-name>jaxws</webservice-description-name>
      <!--wsdl-file>WEB-INF/wsdl/wsprovider11.wsdl</wsdl-file-->
      <wsdl-file>WEB-INF/wsdl/wsprovider12.wsdl</wsdl-file>
      <port-component>
        <port-component-name>JAXWSWebServiceProviderPort</port-component-name>
        <wsdl-service xmlns:pfx="http://webservices.iface.psdi/">pfx:jaxws</wsdl-service>
        <wsdl-port xmlns:pfx="http://webservices.iface.psdi/">pfx:JAXWSWebServiceProviderPort</wsdl-port>
        <!--protocol-binding>http://www.w3.org/2003/05/soap/bindings/HTTP/</protocol-binding-->
        <service-impl-bean>
          <servlet-link>jaxws</servlet-link>
        </service-impl-bean>
      </port-component>
    </webservice-description>
</webservices>